Amien St,McCaffrey S,"Pharmacy Express, unit 3 Connolly Station, Amien St. Dublin 1",01-7920000,01-7920007,pharmacist@pharmacyexpressdublin.ie
Artane,Frayne J,"Brookwood Pharmacy, 42 Brookwood rise, Dublin 5",01-8311898,01-8311898,
Artane,Health Express Pharmacies,"Health Express Pharmacy, Unit 6 Artane Castle S/c",01-8511692,01-8511692,
Artane,Hynes C,"Bradleys Pharmacy, 48 St Brighid’s Rd",01-8311667,01-8510129,
Artane,Lloyds Pharmacy,"Lloyds Pharmacy, 54 St Brigids Rd",01-8311852,01-8058091,
Artane,O’Reilly M,"Pharmacy O’Reilly, 2 Mornington Park, Malahide Rd",01-8319155,01-8511996,
Ashtown,Lioyds Pharmacy,"Lioyds Pharmacy, Unit 7 The Village Centre, Rathborne, Ashtown, Dublin 15",01-8996982,01-8996964,
Aungier St.,McSweeney Group,"O’Haras Pharmacy, 16 Redmonds Hill, Aungier St., Dublin 2",01-4760680,01-4053888/9,oharas@msg.ie
Baggot St Lr,Boots Retail Ireland,"Boots, 134-135 Lwr Baggot St., Dublin 2",01-6618443,01-6618459,
Baggot St Lr,Dowling R,"Dowling’s Pharmacy, 6 Baggot St. Lr, Dublin 2",01-6785612,01-6785612,dowlingspharmacy@eircom.net
Baggot St Upr,Boots Retail Ireland,"Boots, 32 Upper Baggot St, Dublin 4",01-6600175,01-6602740,Lisa.obrien@boots.com
Baggot St Upr,O’Hagan O,"Meaghers Pharmacy, 10 Baggot St. Upr",01-6605744,01-6605744,oonaghohagan@gmail.com
Baldoyle,Dunne A,"Adrian Dunne Pharmacy, Unit 4, Racecourse S/c, Baldoyle, Dublin 3",01-8392851,01-8395478,baldoyle@dunnepharmacies.ie
Ballinteer,Bhagwan L,"Bhagwans Pharmacy, Ballinteer Rd, Dublin 16",01-2984378,01-2968733,
Ballinteer,Dunne A,"Adrian Dunne Pharmacy, Ballinteer S/c",01-2951932,01-2960591,"ballinteerdunnepharmacies.ie
"
Ballinteer,Littleton S,"Marley Pharmacy, Unit 7, Superquinn S/c",01-2981678,01-2987678,
Ballsbridge,Byrne P,"Byrnes Pharmacy, 4 Merrion Rd, Dublin 4",01-6683287,01-6687949,byrnespharmacy@eircom.net
Ballsbridge,Lenehan T,"Murrays Pharmacy, 3 Serpentine Ct, serpentine Av",01-6603376,01-6603376,murrays_pharmacy@eircom.net
Ballycullen,Ellis M,"Mark Ellis Pharmacy, Woodstown S/c, Ballycullen Rd, Dublin 16",01-4952130,01-4952130,elpharm1@eircom.net
Ballyfermot,Beggs D,"Pure Pharmacy, Unit 2 Phoenix S/c, Ballyfermot, Dublin 10",01-6268567,01-6268471,purepharmacybf@gmail.com
Ballyfermot,Breenan K,"Haven Pharmacy Moloneys, Grange Cross",01-6264112,01-6264112,
Ballyfermot,Cambursano N,"Boylans Pharmacy Ltd, 9 Claddagh Gr",01-6264988,01-6230192,
Ballyfermot,Dillane T,"Ballyfermot Pharmacy Ltd, Unit 3 Tesco S/c",01-6166111,01-6166111,tadghdillane@yahoo.co.uk
Ballyfermot,Kiely S,"Kielys Pharmacy, 203 Le Fanu Rd",01-6260949,01-6260949,kielyrx@eircom.net
Ballyfermot,Kiely S,"Kielys Pharmacy, 282 Ballyfermot  Rd",01-6264861,01-6264861,kielyspharmacy@eircom.net
Ballyfermot,Littleton S,"Crowleys Pharmacy, 207 Decies Rd",01-6264528,01-6236859,
Ballyfermot,Littleton S,"Crowleys Pharmacy, 310 Ballyfermot Rd",01-6263180,01-6237648,
Ballyfermot,Lloyds Pharmacy,"Lloyds pharmacy, 292 Ballyfermot",01-6238434,01-6238674,
Ballymount,Health Express,"Median Healthcare Pharmacy, Unit 5 The Westway Centre, Ballymount Ave, Dublin 12",2557280,2557608,
Ballymum,Cadden F,"Poppintree Pharmacy, 6 Poppintree Neighbourhood, Poppintree Parade, Dublin 11",01-8421379,01-8421379,
Ballymum,Dillon J,"Life Pharmacy Ballymum, Unit 2A Alliance Row, Dublin 9",01-8428006,01-8429956,ballymum@lifepharmacy.ie
Ballymum,Laverty T,"Lavertys Pharmacy, Unit 2C Shangan Hall, Dublin 9",01-8623896,,lavertyspharmacy@gmail.com
Ballymum,MacManus E,"Edward MacManus Pharmacy, 19 Ballymum S/c, Dublin 11",01-8421647,01-8421013,
Ballymum,MacManus E,"Edward MacManus Pharmacy, Civic Centre, Dublin 9",01-8579488,01-8579498,edwardmacmanus@gmail.com
Ballymum,McCabe R,"McCabes Pharmacy, 8 College View, Ballymum Rd, Dublin 9",01-8577005,01-8577005,
Ballymum,McCormac K,"Chambers Pharmacy, 127 Ballymum Rd, Dublin 9",01-8378081,01-8571961,info@chamberspharmacy.ie
Beaumont,Doherty J,"Haven Pharmacy Dohertys, 2 Shantalla Rd, Dublin 9",01-8371931,01-8354501,jasondoherty@eircom.net
Berkeley St,Flanagan B,"Flanagans Pharmacy, 18 Berkeley Rd, Phibsboro, Dublin 7",01-8824360,01-8824360,brenflanagan@vodafone.ie
Berkley St,Harvey N,"Dargan’s Pharmacy, 19 Berkley St.",01-8301169,01-8304614,noleenharveyhotmail.com
Blanchardstwon,Boots  Retail Ireland,"Boots, Roselawn S/c, Dublin 15",01-8214345,01-8214464,barry.dunlevy@boots.com
Blanchardstown,Boots Retail Ireland,"Boots, Units 223-224 Blanchardstown Centre",01-8222052,01-8222042,
Blanchardstown,Grogan D,"Corduff pharmacy, 1 Corduff S/c",01-8203569,01-8203569,corduffpharmacy@eircom.net
Blanchardstown,Lloyds Pharmacy,"Lloyds Pharmacy, Superquinn S/c",01-8210807,01-8210807,
Blanchardstown,Lloyds Pharmacy,"Lloyds pharmacy, 2 Main St.",01-8213318,01-8223504,,
Blanchardstown,McCabe B,"Stanleys Pharmacy, Mount View S/c",01-8216011,01-8216011,
Blanchardstown,McCabe R,"McCabes Pharmacy, 148 Blanchardstown Centre",01-8222171,01-8222172,blanchardstown@mccabespharmacy.com
Blanchardstown,Pagni B,"Bradleys Pharmacy, 251/252 Blanchardstown Centre",01-8200088,01-8200854,blanchardstown@bradleyspharmacy.ie
Blanchardstown,Sheridan D,"Sheridans Pharmacy, Unit 0 Roselawn S/c",01-6405740,,info@sheridanspharmacy.ie
Bluebell,Levis K,"Bluebell Pharmacy, 4 La Touche, Bluebell Dublin 12",01-4501188,01-4501188,karllevis@hotmail.com
Cabinteely,Gavin L,"Park Pharmacy, 2 Park Centre, Cabinteely, Dublin 18",01-2856350,01-2850839,
Cabra,Daly P,"Daly’s Pharmacies Ltd, 109 Cabra Rd, Dublin 7",01-8680245,01-8680245,dalphar@gofree.indigo.ie
Cabra,Dwyer G,"Maple Pharmacy, Unit 3 The Maple Centre, Navan Rd",01-8823323,01-8823323,themaplepharmacy@eircom.net
Cabra,Lloyds Pharmacy,"Lloyds Pharmacy, 103a New Cabra rd",01-4751531,01-4754381,
Cabra West,C&D Medical Hall Ltd,"Pellys Pharmacy, 26 Faussagh Ave, Cabra West, Dublin 7",01-8680408,01-8680408,pellyspharmacy@gmail.com
Camden St. Lr,Allcare Group,"Cahills Allcare Pharmacy, 36 Lr Camden St., Dublin 2",01-4753160,01-4753114,Cahillsallcarepharmacy.ie
Camden St. Upr,Dowling R,"Bradys Pharmacy, 12 Upper Camden St., Dublin 2",01-4751531,01-4754381,
Capel Street,Capel St Pharmacy Ltd,"Capel Street Pharmacy, 138 Capel  St, Dublin 1",01-5510001,01-5510004,
Cardiffbridge Rd,Hickey P,"Hickeys Pharmacy, Dunnes S/c, Cardiffbridge, Finglas west, Dublin 11",01-8641204,01-8641204,finglaswest@hickeyspharmacies.ie
Carpenterstown Rd,Lioyds Pharmacy,"Lloyds Pharmacy, Spar S/c, Dublin 15",01-8220846,01-8066000,
Castleknock,Ginnety T,"Clonsilla Pharmacy, weavers Row, Clonsilla, Dublin 15",01-8227585,01-8227585,Clonsillapharmacyd15@gmail.com
Castleknock,Lloyds Pharmacy,"Lloyds Pharmacy, Unit 3 Main St, Castleknock S/c",01-8204411,01-8212053,
Castleknock,Lloyds Pharmacy,"Lloyds Pharmacy, Castlecourt S/c",01-8200564,01-8200564,
Castleknock,O’Neill M,"ODC  Chemists, Unit 2 Laurel Lodge S/c",01-8201688,01-8201688,oddcastleknock@eircom.net
Chapelizod,Buckley B,"Chapelizod Pharmacy, The Island, Chapelizod, Dublin 20",01-6203324,01-6236034,chapelizodpharmacy@hotmail.com
Church road,C&D Medical Hall Ltd,"Fitzmaurices Chemists Ltd, 150 Church Rd, Dublin 3",01-8741266,01-8727769,
Chruch St,Dowling R,"Church St Pharmacy, 145-151 Distillery Bldgs, Church St, Dublin 7",01-8740204,01-8740204,dowlingspharmacy@eircom.net
Churchtown,Gormley B,"Gormley Pharmacy, 5 Nolan av., Dublin 14",01-2985085,01-2986959,
Churchtown,Lloyds Pharmacy,"Lloyds Pharmacy, 11B Braemor Rd",01-2988512,01-2987911,
Churchtown,Pagni B,"Bradleys Pharmacy, 4 Landscape rd",12166139,12166139,churchtown@bradleyspharmacy.ie
Citywest,McCabe R,"McCabes Pharmacy, Unit 6-8 City west S/c, City West Dublin24",01-4133854,01-4133860,
Clanbrassil St Lr,Phelan M,"Phelans Pharmacy, 22 Clanbrassil St. lower, Dublin 8",01-4734083,01-4734181,
Clare Hall,Corr J,"Corrs Pharmacy, Emfield Rise, Clare Hall, Dublin 13",01-8487000,01-8487033,
Clare St,Slattery M,"Prices Pharmacy Ltd, 26 Clare St., Dublin 2",01-6761899,01-6788746,pricesmedhall@eircom.net
Clondalkin,Boots Retail Ireland,"Boots, Unit 27 The Mill S/c, Dublin 22",01-4577611,01-4577661,
Clondalkin,Cadden F,"Caddens Pharmacy, Tower S/c",01-4573794,01-4575229,caddenspharmacy@eircom.net
Clondalkin,Freyne G,"Freyne and Co Ltd, Orchard Rd",01-4574868,01-4574944,FreynesChemist@Freynes.com
Clondalkin,Hudson G,"Bawnogue Life Pharmacy, Bawnogue S/c",01-4571549,01-4576509,
Clondalkin,Kelly O,"Kellys Allcare Pharmacy, The Nangor Centre, Cherrywood",01-4576901,01-4576915,kellyspharmacy@gmail.com
Clondalkin,Lloyds Pharmacy,"Lloyds Pharmacy, Neilstown S/c",01-4570994,01-4578598,
Clondalkin,Lloyds Pharmacy,"Lloyds Pharmacy, The Mill Centre",01-4577166,01-4577167,
Clondalkin,Lloyds Pharmacy,"Lloyds Pharmacy, 1 Chaplains Place, Rowlagh Village",01-6208502,01-6208503,
Clondalkin,Moore F,"Greenpark Pharmacy, Greenpark S/c",01-4642364,01-4642364,
Clondalkin,Paigni B,"Bradleys Pharmacy, Unit 1 dutch Village S/c, Woodford walk",01-4643105,01-4643106,clondalkin@bradleyspharmacy.ie
Clondalkin,Ras Consult Ltd,"Park west pharmacy, Unit 2b The Plaza, Park west Bus Pk, Nangor Rd, Dublin 12",01-6204398,01-6204397,
Clondalkin,Reilly S,"Reillys Pharmacy, 5 Castle Crescent",01-4592862,01-4592862,pharmacy@iol.ie
Clondalkin,Sam McCauley Chemist Ltd,"Sam McCauley Chemist, Aldi S/c, Newlands Cross",01-4643050,01-4643068,newlands@smcc.ie
Clonee,Tunney J,"Littlepace Pharmacy, Littlepace S/c, Clonee, Dublin 15",01-8260944,01-8260947,
Clongriffin,Stack A,"Stacks pharmacy, 13 Main St, Clongriffin, Dublin 13",01-8285103,01-8285104,clongriffin@stackspharmacy.ie
Clonshaugh,Corr J,"Corrs Pharmacy, Clonshaugh S/c, Coolock Dublin 17",01-8487688,01-8470594,johndavidcorr@eircom.net
Clonsilla ,Feeney E,"Hartstown pharmacy, 2 Hartstown S/c, lonsilla Dublin 15",01-8202860,01-8202860,hartstownpharmacy@eircom.net
Clonskeagh,Lloyds Pharmacy,"Lloyds pharmacy, Bird Av., Clonskeagh, Dublin 14",01-2697086,01-2697124,
Clontarf,Doyle A,"Doyles Pharmacy, 3 Vernon Ave, Dublin 13",01-8333269,01-8334360,doylespharmacyclontarf@gmail.com
Clontarf,Doyle N,"Clontarf Pharmacy, 192b Clontarf Rd, Dublin 3",01-8333711,01-8333711,
Clontarf,Magner W,"Foleys of Clontarf, 63 Clontarf Rd",01-8336384,01-8336384,willmagner@hotmail.com
Clontarf,Magner P,"Magners Pharmacy, 16 kincora ave",01-8339066,01-8339066,
Clontarf,Mulgrew P,"Pharmacy O’Regan, 67 Vernon ave",01-8330022,01-8330022,emma@pharmacyoregan.ie
Clontarf,Whooley D,"St Gabriels pharmacy, 28 St Gabriels Rd",01-8339422,01-8339422,gabriels9@iol.ie
Coolock,C&D Medical Hall Ltd,"Cromcastle Pharmacy, 69 Cromcastle rd, Dublin 5",01-8673256,01-8693288,cromcastlepharmacy@eircom.net
Coolock,Hickey P,"Hickeys Pharmacy, Unit 33 Northside S/c, coolock, Dublin 17",01-8477651,01-8470096,northside@hickeyspharmacies.ie
Coolock,Lloyds Pharmacy,"Lloyds Pharmacy, Northside S/c, Coolock, Dublin 17",01-8476463,01-8470045,
Coolock,Lloyds Pharmacy,"Lloyds Pharmacy, 44 Tonglegee Rd, Coolock, Dublin 5",01-8470101,01-8482191,
Coolock,Lloyds pharmacy,"Lloyds Pharmacy, Coolock Village S/c, Dublin 5 ",01-8479377,01-8479344,
Coolock,McCartan B,"McCartans pharmacy, Northside S/c, Units 7&8, Coolock, Dublin 5",01-8770872,01-8770872,
Coolock,O’Reilly M,"Pharmacy O’reilly, 38 Tonlegee Rd, Dublin 5",01-8678080,01-8678089,
Coolock,Rigney J,"The Village Pharmacy, 19 Main St., The courtyard, Coolock Village, Dublin 5",01-8712650,01-8712653,thevillagepharmacy@eircom.net
Cork St,Littleton S,"Moores Pharmacy, unit 2, Mcgoverns corner, Cork st., Dublin 8",01-4542981,01-4543057,
Cornelscourt,Hilton K,"Hiltons Pharmacy, 3 Magic Carpet Centre, Cornelscourt Village, Dublin 18",01-2898889,01-2898892,
Crumlin,Allcare Group,"Allcare Pharmacy Crumlin, 66 St Agnes Rd, Dublin 12",01-4555081,01-4555083,wecare@allcarepharmacy.ie
Crumlin,Hickey P,"Hickeys Pharmacy, Crumlin S/c",01-4531175,01-4737947,crumlin@hickeyspharmacies.ie
Crumlin,Lloyds Pharmacy,"Lloyds Pharmacy, 199 Crumlin Rd",01-4542466,01-4150748,
Crumlin,Lloyds Pharmacy,"Lloyds Pharmacy, 20 St Agnes Rd",01-4555260,01-8058091,
Crumlin,Mulligan C,"Moores Pharmacy, 2 St Agnes Rd",01-4558298,01-4558298,moorespharmacycrumlin@eircom.net
Custom House Sq,Del Alamo J,"Remedi Pharmacy, Unit 8, Custom House Sq, IFSC, Dublin 1",01-6721831,01-6721831,
Dame St,Corrigan E,"City Pharmacy, 14 Dame St, Dublin 2",01-6706504,01-6797690,info@citypharmacy.ie
Darndale ,Stack A,"Darndale pharmacy, Unit 2, Darndale/Belcamp Village Ctr, Dublin 17",01-8674455,01-8674456,
Donaghmede,Allcare group,"Donaghmede Allcare Pharmacy, Donaghmede S/c, Donaghmede, Dublin 13",01-8476181,01-8476181,donaghmede@allcarepharmacy.ie
Donaghmede,Boots retail Ireland,"Boots, Unit 1 Grange Med Centre, Grange Rd",01-8482340,01-8482350,
Donnybrook,Boots retail Ireland,"Boots, 75 Morehampton Rd, Dublin 4",01-6675806,01-6675907,ray.cahill@boots.com
Donnybrook,Health express Pharmacies,"Health Express Pharmacy, 79 Morehampton Rd",01-6687103,01-6687103,
Donnybrook,Lloyds Pharmacy,"Lloyds Pharmacy, 8 The Mall",01-2695236,01-2830455,
Donnybrook,O’Hagan O,"Barrow St. Pharmacy, The Gasworks Buildings, Barrow St",01-6347000,01-6347001,barrowpharmacy@gmail.com
Dorset St Lr,Pagni B,"Bradleys Pharmacy, 50 Dorset St Lr, Dublin 1",01-8557167,01-8557167,dorset@bradleyspharmacy.ie
Drimnagh,Allcare Group,"Galtymore Allcare Pharmacy, 131 Galtymore Rd, Dublin 12",01-4557306,01-4557306,galtymore@allcarepharmacy.ie
Drimnagh,Boots retail Ireland,"Boots, Unit 3A, Drimnagh Rd Retail Centre",01-4651852,01-4651858,
Drimnagh,Johnson P,"Drimnagh Pharmacy, 125 Galtymore Rd",01-4651980,01-4652999,
Drimnagh,Meagher W,"Haven pharmacy Errigal, 16 Errigal Rd",01-4557345,01-4557185,errigalpharmacy@gmail.com
Drumcondra,El Bourdainy M,"Advance Pharmacy, 14 Lower Drumcondra Rd, Dublin 9",01-8600006,01-86000086,
Drumcondra,Geaney M,"Pharmhealth Pharmacy, Henry Grattan Building, DCU, Glasnevin, Dublin 9",01-7006080,01-7006081,info@pharmhealth.ie
Drumcondra,Lloyds Pharmacy,"Lloyds Pharmacy, 10 Drumcondra Rd Upr",01-8373462,01-8373462,
Drumcondra,Murray R,"Homepharm Ltd, 45a Home Farm Rd",01-8373451,01-8573827,homepharm1@eircom.net
Drumcondra,Rigney J ,"Sionhill Pharmacy, 40a Calderwood Rd",01-5598007,01-5598006,sionhillpharmacy@gmail.com
Drumcondra Rd Lr,Boles D,"Boles Pharmacy, 20 Lr Drumcondra Rd",01-8302040,,
Dundrum,Farmer L,"Haven Pharmacy Farmers, 56 Main St, Dublin 14",01-2987337,01-2987337,drumpharm@eircom.net
Dundrum,Finnegan J,"Roebuck Pharmacy, 7 Farmhill Rd, Goatstown, Dublin 14",01-2981295,01-2981295,
Dundrum,Galligan C,"Medipharm, 7 Arbourfield Terrace, Windy Arbour",01-2963492,01-2962192,dundrum@medipharm.ie
Dundrum,McCabe R,"McCabes Pharmacy, Units 17-19, Level 3, Dundrum Town Centre",01-2986709,01-2157871,dundrum@mccabespharmacy.com
Dundrum,Medishetty S,"Rockfield Pharmacy, Unit 2 Rockfield Central, Dundrum Dublin 16",01-2967340,,rockfieldpharmacy@eircom.net
Dundrum,Mulvey F,"Mulveys Pharmacy, Main St.,Dundrum, Dublin 14",01-2951507,01-2951507,frankmulvey@mulveypharmacies.com
Eden Quay,Allen E,"Tracey’s Pharmacy, 18 Eden quay, Dublin 1",01-8740179,01-8740179,
Ellis Quay,Carragher N,"Blackhall Pharmacy, Unit 4, Ellis court Business Complex, Ellis Quay, Dublin 7",01-6722600,01-6722609,natasha@blackhallpharmacy.ie
Fairview,Conaty D,"Morgans pharmacy, 2-4 Fairview strand, Fairview, Dublin 3",01-8881027,01-8381459,morganspharmacyfairview@gmail.com
Fairview,McCartan B,"M I Davis and Co, 34 Fairview Strand",01-8363577,01-8363903,
Fairview,O’Donoghue D,"Banks Pharmacy, 195 Philipsburgh Av.",01-8363577,01-8363903,
Fairview ,Pyne M,"Marino Pharmacy, 25 Marino Mart",01-8338571,01-8338571,pynemichael@hotmail.com
Finglas,Allcare Group,"Clearwater Allcare Pharmacy, Janelle S/c, Finglas, Dublin 11",01-8361583,01-8361583,clearwater@allcarepharmacy.ie
Finglas,Boots retail Ireland,"Boots, Unit 6 Charlestown S/c",01-8041595,01-8340331,christine.purdy@boots.com
Finglas,Cadden F,"Cappagh Pharmacy, Unit 5 The Shops, Barry Ave",01-8108403,,cappaghpharmacy@gmail.com
Finglas,Duggan N,"McKee Pharmacy, 2 McKee Rd",01-8361203,01-8361203,
Finglas,Flanagan B,"Flanagans Instore Pharmacy, Tesco Supermarket, Clearwater S/c",01-8068872,,
Finglas ,Fox V,"Superpharm Chemists Ltd, Unit 8, Main St.",01-8341688,01-8341688,
Finglas ,Hickey P,"Fingal Pharmacy, Superquinn S/c",01-8341695,01-8341695,fingal@hickeyspharmacies.ie
Finglas,Hickey P,"Hickeys Pharmacy, 5 Main St.",01-8341150,01-8341150,finglas@hickeyspharmacies.ie
Finglas,Hickey P,"Hickeys Pharmacy, 3 Cardiffsbridge Rd",01-8110584,01-8110591,cappagh@hickeyspharmacies.ie
Finglas,Hickey P,"Hickeys Pharmacy, Unit 10, Meakstown, Neighbourhood Cent",01-8081441,01-8081442,meakstown@hickeyspharmacies.ie
Finglas,Lloyds Pharmacy,"Lloyds Pharmacy, 47 Main St, Finglas, Dublin 5",01-8642064,01-8068406,
Finglas,McAleer M,"Haven Pharmacy McAleers, 7 Fitzmaurice Rd, Ballygall, Finglas East, Dublin 11",01-9010898,01-9010899,mcaleerpharmacy@eircom.net
Foxrock,Morris B,"Sheanes Pharmacy, 92 Foxrock Ave, Foxrock, Dublin 18",01-2893085,01-2893089,
Foxrock,O’Brien M,"Foxrock Pharmacy, 1 Brighton Rd, Foxrock, Dublin 18",01-2893270,01-2897623,foxpharm@indigo.ie
Foxrock,Rafferty J,"Haven Pharmacy Raffertys, Cornelscourt S/c, Foxrock, Dublin 18",01-2893191,01-2893191,raffcornel@mednet.ie
Fredrick St Nth,Frederick Pharmacy Ltd,"Frederick Pharmacy Ltd, 19 Nth Frederick St, Dublin 1",01-8746475,,
Glasnevin,Duggan N ,"Crescent Pharmacy, 68 Willow Park Crescent, Glasnevin, Dublin 11",01-8346057,01-8346057,
Glasnevin,Golden K,"The Rise Pharmacy, Unit 1 Wood Pk, The Rise, Glasnevin, Dublin 9",01-8572030,,
Glasnevin,Lloyds Pharmacy,"Lloyds Pharmacy, 4 Fitzmaurice Rd, Glasnevin, Dublin 11",01-8342178,01-8361457,
Glasnevin,Moynihan A,"Reddys Pharmacy, 167 Mobhi Rd, Glasnevin, Dublin 9",01-8373443,01-8373443,prescriptionservices@eircom.net
Glasnevin,Stack A,"Stack’s Pharmacy, Unit 4/5 Harts’ Corner, Finglas Rd, Glasnevin, Dublin 9",01-8305543,01-8305544,
Glasnevin Ave,McCabe R,"McCabes Pharmacy, 282 Glasnevin Ave, Dublin 11",01-8342493,01-8342300,glasnevin@mccabespharmacy.com
Grafton St,Boots retail Ireland,"Boots the Chemists, 12 Grafton St, Dublin 2",01-6773000,01-6717842,David.Carroll@boots.com
Grafton St,Hickey P,"Hickeys Pharmacy, 21 Grafton St, Dublin 2",01-6790467,01-6790470,graftonstreet@hickeyspharmacies.ie
Grand Canal St Lr,Medishetty S,"Hayes Pharmacy, 16 Hogan Place, Grand Canal St Lr, Dublin 2",01-6624883,01-6624884,hayespharmacy@gmail.com
Hanover Quay,O’Leary G,"Hanover Quay Pharmacy, Unit 4 The Marker, Forbes St, Dublin 2",01-6798414,01-6798415,hanoverquaypharmacy@gmail.com
Harcourt St,Foody O,"Foodys Pharmacy, Harcourt Building, Harcourt St, Dublin 2",01-4161918,01-4161918,ailbhe@foodyspharmacy.com
Harold’s Cross Rd,Hickey P,"Hickeys Pharmacy, 290 Harolds Cross Rd, Dublin 6",01-4923769,01-4923781,haroldscross@hickeyspharmacies.ie
Haytesbury St,Lloyds Pharmacy,"Lloyds Pharmacy, Meath Primary Care Centre, Haytesbury St, Dublin 8",01-4730131,01-4730130,
Henry St,Boots Retail Ireland,"Boots the Chemists, 20 Henry St, Dublin 1",01-8730209,01-8783157,rob.wood@boots.com
Henry St,Hickey P,"Hickeys Pharmacy, 6 GPO Buildings, Henry St, Dublin 1",01-8731077,01-8731108,henrystreet@hickeyspharmacies.ie
Howth Rd,O’Connor G,"Sutton Cross Pharmacy, 182 Howth Rd, Sutton, Dublin 13",01-8660178,01-8660178,
Huntstown,Littleton S,"Huntstown Pharmacy Ltd, 6 Pinewood Hse, Huntstown Rd, Dublin 15",01-8204799,01-8237616,
Inchicore,Geraghty G,"The Grattan Pharmacy, 13 Grattan Crescent, Inchicore, Dublin 8",01-4533984,01-4533984,
Inchicore,Keatinge N,"Keatinge’s Pharmacy, 3 Tirconnell Rd, Inchicore, Dublin 8",01-4547071,01-4547085,keatingespharmacy@eircom.net
James St,Cassidy C,"Haven Pharmacy Cassidys, U3 Chandler’s Guild, James St, Dublin 8",01-6794022,01-6794022,
James St,Conaty D,"St James Late Night Pharmacy, James St, Dublin 8",01-4734022,01-4734022,sjlnppharmacy65@gmail.com
Jervis St,Boots retail Ireland,"Boots the Chemists, Jervis St Centre, Dublin 1",01-8780200,01-8781007,eoghan.ryan@boots.com
Jobstown,Grogan D,"Jobstown Pharmacy, Unit 2 Kiltalown S/c, Dublin 24",01-4598374,01-4598374,
Kilbarrack,Lloyds Pharmacy,"Lloyds Pharmacy, Kilbarrack S/c, Dublin 5",01-8481585,01-8481600,
Kilbarrack,Ryan G,"Ryans Pharmacy GSC, Unit 1 Greendale S/c",01-8399000,01-8399888,ryanspharmacygsc@gmail.com
Kilbarrack,Stack A,"Kilbarrack Pharmacy, Units 17-18 Kilbarrack S/c, Dublin 13",01-8775955,01-8775954,
Kilbarrack Rd,Lloyds Pharmacy,"Lloyds Pharmacy, 53 Kilbarrack Rd, Kilbarrack, Dublin 5",01-8325332,01-8322598,
Killester,Beggs D,"Pure Pharmacy, 59 Collins Ave East, Killester, Dublin 5",01-5489079,01-5473751,purepharmacycollinsavenue@gmail.com
Killester,Lloyds Pharmacy,"Lloyds Pharmacy, Supervalu S/c, Killester, Dublin 3",01-8330851,01-8330988,
Killester,Magner P,"Magners Pharmacy, 175 Howth Rd, Killester, Dublin 3",01-8330980,01-83333065,
Killester Ave,Pagni B,"Bradleys Pharmacy, 157 Killester ave, Dublin 5",01-8312603,01-8312603,killester@bradleyspharmacy.ie
Kilmacud,Kane M,"Kilmacud totalhealth Pharmacy, 1A Drummartin Rd, Kilmacud, Dublin 14",01-2169748,01-2169748,kilmacud@totalhealth.ie
Kilmainham,Phelan M,"Phelans Pharmacy, 635 South circular rd, Kilmainham, Dublin 8",01-4736029,,
Kilmore Rd,Lloyds Pharmacy,"Lloyds Pharmacy, Artane castle S/c, Kilmore Rd, Dublin 5
",01-8314811,01-8327262,
Kimmage Rd Lr,McCabe R,"McCabes Pharmacy, 312 Kimmage Rd Lr, Dublin 6W",01-4906011,01-4906011,kimmage@mccabespharmacy.com
Kimmage Rd Lr,Thom N,"Thoms Pharmacy, 151 Lr Kimmage Rd, Dublin 6",01-4923272,01-4921207,thomspharm@iolfree.ie
Kimmage Rd W,Lloyds Pharmacy,"Lloyds Pharmacy, Ashleaf S/c, Crumlin Cross, Dublin 12",01-4555648,01-4550977,
Knocklyon,Lloyds Pharmacy,"Lloyds Pharmacy, Superquinn S/c, Knocklyon, Dublin 16",01-4942406,01-4945866,
Leopardstown,Farmer L,"Haven Pharmacy Farmers, Unit 1 Leopardstown S/c, Ballyogan, Dublin 18",01-2941002,01-2141653,llfarmer@iol.ie
Leopardstown,Lloyds Pharmacy,"Lloyds Pharmacy, Unit 8 Leopardstown S/c, Ballyogan Rd",01-2921326,01-2921321,
Lombard St,Irwin J,"Lombard Pharmacy, 32 Lombard St East, Dublin 2",01-6770781,01-6770782,info@lombardpharmacy.ie
Malahide Rd,McCabe R,"McCabes Pharmacy, 1-2 Clarehall S/c, Malahide Rd, Dublin 17",01-8473520,01-8473520,clarehalldisp@mccabespharmacy.com
Malahide Rd,O’Keeffe D,"O’Keeffe’s Pharmacy, 111 Malahide Rd, Dublin 3",01-8318617,01-8318617,
Malahide Rd,Quinn M,"Corrigan’s Pharmacy, 80 Malahide Rd, Dublin 3",01-8338803,01-8334992,
Manor St,Breslin M,"Manor Pharmacy, 21 Manor St, Dublin 7",01-6791097,01-6704676,corroypharmacy@gmail.com
Meath St,Foley S,"Meath Street Pharmacy, 39 Meath St, Dublin 8",01-4542133,01-4537000,sjfoley@eircom.net
Merrion,Allcare Group,"Tony Walsh Allcare Pharmacy, Merrion S/c, Merrion, Dublin 4",01-2838200,01-2603571,twmerrion@allcarepharmacy.ie
Military Rd,Carrol M,"HSQ Pharmacy, Unit 1 Block 7 HSQ, Military Rd, Dublin 8",01-4411140,01-4411141,hsq@tippmedical.com
Milltown,Mitchell S,"Milltown totalhealth Pharmacy, Milltown S/c, Dublin 6",01-2600262,01-2602893,milltown@totalhealth.ie
Milltown,Phelan M,"Phelans Pharmacy, Unit 1 Mount St Annes, Milltown, Dublin 6",,,
Moore St,Boots Retail Ireland,"Boots, Unit 20, Ilac S/c, Dublin 1",01-8722520,01-8722041,
Mulhuddart,Hoban F,"Touchstore Pharmacy, Mulhuddart Village, Dublin 15",01-6408854,01-6467996,mulhuddart@touchstore.ie
Mulhuddart,Pagni B,"Bradleys Pharmacy, Unit 2, The Crescent, Church Rd, Mulhuddart, Dublin 15",01-6404015,01-6404016,mulhuddart@bradleyspharmacy.ie
Navan Rd,Cullen T,"Cullen’s Pharmacy, 72 Navan Rd, Dublin 7",01-8387296,01-8380099,
Navan Rd,Kelly O,"Mangans Allcare Pharmacy, Navan Rd Primary Care Centre, Navan Rd, Cabra",01-8386460,,mangansnavanroad@allcarepharmacy.ie
Navan Rd,O’Hagan O,"Kinvara Pharmacy, 41 Kinvara Pk, Navan Rd",01-8383202,01-8383202,
NCR,O’Hagan O,"Meaghers Pharmacy, Unit 2 Ground Floor, Whitty Building, Mater hospital, NCR",01-8117781,01-8117781,mater@meagherspharmacy.ie
North Strand Rd,Machaczka I,"The Strand Pharmacy, 149 North Strand rd, Dublin 3",01-4432109,01-4453289,strand.pharmacy@yahoo.ie
"O,Connell St",Allcare Group,"Hamilton Long Allcare Pharmacy, 5 O’Connell St Lr, Dublin 1",01-8748456,01-8748456,hamiltonlong@allcarepharmacy.ie
O’Connell St,Hickey P,"Hickeys Pharmacy, 55 Lr O’connell St, Dublin 1",01-8730427,01-8729640,oconnell@hickeyspharmacies.ie
Old County Rd,McKeon B,"Old county Life Pharmacy, 111 Old County Rd, Dublin 12",01-4540304,01-4535253,
Ongar,Hickey P,"Hickeys Pharmacy, Ongar Village, Ongar, Dublin 15",01-8261674,01-8261874,ongar@hickeyspharmacies.ie
Oxmanstown Rd,Allcare Group,"Byrne’s Allcare Pharmacy, Oxmanstown Rd, Dublin 7",01-8386570,01-8366570,byrnes@allcarepharmacy.ie
Palmerstown,Foley F,"Foleys Life Pharmacy, Unit 8, Palmerstown S/c, Dublin 20",01-6260642,01-6260642,
Palmerstown,Looby J,"Haven Pharmacy Loobys, 42 Manor Rd",01-6264574,01-6264574,reynoldspharmacy@eircom.net
Palmerstown,Wong S,"Palmerstown Pharmacy, Unit 3 Aldi Complex, Old Lucan Rd",01-6208500,,
Parnell St,Foley M,"Parnell St Pharmacy Ltd, 136 Parnell St, Dublin 1",01-8746972,01-8748573,foleyschemist@eircom.net
Parnell St,Hilton K,"Hiltons Pharmacy, Unit 4 Greeg Court, Parnell St, Dublin 1",01-8722224,01-8722223,
Parnell St,Hogan R,"Parnell Pharmacy, 35-41 Parnell St, Dublin 1",01-8732209,01-8732430,
Patrick St,Trainor M,"Ardilaun Pharmacy, 7 Ardilaun Court, Patrick St, Dublin 8",01-4544897,01-4546173,
Pearse St,Conefrey T,"Conefreys Careplus Pharmacy, 136 Pearse St, Dublin 2",01-6773234,01-6773234,tconefrey@gmail.com
Pearse St,O’Leary G,"Gallery Quay Pharmacy, Unit G6 Gallery Quay, Grand Canal Dock, Pearse St, Dublin 2",01-7071883,,gqpharmacy@gmail.com
Phibsboro,Boots retail Ireland,"Boots, Unit 1-3 Phibsboro Place, 149-158 Phibsboro Rd, Dublin 7",01-8117536,01-8117538,Paula.reilly@boots.com
Phibsboro,Collis R,"Collis Pharmacy, 350 NCR, Phibsboro, Dublin 7",01-8300295,01-8305244,collispharm@eircom.net
Phibsboro,Hickey P,"Hickeys Pharmacy, Phibsboro S/c, Dublin 7",01-8309551,01-8309288,phibsboro@hickeyspharmacies.ie
Portland St North,Beggs Pharmacy Ltd,"Pure Pharmacy, 4 Bakers Yard, Portland St North, Dublin 1",01-8178400,,purepharmacyd1@gmail.com
Prussia St,McFadden D,"McFaddens Pharmacy, 1A Prussia St, Dublin 7",01-8178400,,info@mcfaddenspharmacy.ie
Prussia St,Wong P,"Park Pharmacy, Unit 2 – The Park S/c, Prussia St, Dublin 7",01-8388104,01-8388104,
Prussia St,Adams P,"Adams Pharmacy, 11 Main St, Raheny, Dublin 5",01-8313831,01-8313676,
Raheny,Conlon A,"Greendale Pharmacy, 3 kish House, Greendale Rd, Kilbarrack, Dublin 5",01-8396038,01-8394682,
Raheny,Duffy R,"Hilltop Pharmacy, Hilltop S/c, Station Rd",01-8329449,01-8511041,rbeggs@live.co.uk
Raheny,Kiely S,"Cronins Pharmacy, 1 Edenmore S/c",01-8478521,01-8473922,croninspharmacy@gmail.com
Raheny ,Lloyds Pharmacy,"Llyods Pharmacy, 413 Howth Rd",01-8314341,01-8329839,
Raheny,McNamara D,"McNamara’s Pharmacy, Raheny S/c",01-8329736,01-8329736,
Raheny,Magner P,"Magners Pharmacy, 24 Edenmore S/c",01-8475725,01-8474995,
Raheny,Tully R,"Tullys totalhealth Pharmacy, 439 Howth Rd",01-8510444,01-8510155,tullys.raheny@totalhealth.ie
Ranelagh,Boden N,"Dunville Pharmacy, 29 Dunville Avenue, Ranelagh, Dublin 6",01-4971289,01-4126730,niamhboden@gmail.com
Ranelagh,Kilgallen J,"Burkes Pharmacy, 21/23 Ranelagh Rd",01-4972190,01-4910164,johnstonspharmacy@eircom.net
Ranelagh,Leech M,"Leech Pharmacy, 43 Ranelagh",01-4971407,01-4971107,leechpharmacy@eircom.net
Ranelagh,O’Hagan O,"Meaghers Pharmacy, 69 Ranelagh Village",01-4971665,01-4974120,
Ranelagh,O’Hagan O,"Meaghers Pharmacy, 22-24 Sandford Rd",01-4986970,01-4986970,
Rathfarnham,Allcare Group,"Tony Walsh Allcare Pharmacy, Rathfarnham S/c, Rathfarnham, Dublin 14",01-4937812,01-4937812,twrathfarnham@allcarepharmacy.ie
Rathfarnham,Boots Retail Ireland,"Boots, Nutgrove S/c",01-4933100,01-4936991,andrea.murray@boots.com
Rathfarnham,Breenan P,"Haven Pharmacy Breenans, Taylors Lane",01-4932001,01-4932001,breenanspharmacy@eircom.net
Rathfarnham,Buckley A,"Andrew Buckleys totalhealth Pharmacy, 5 St Endas Drive",01-4933433,01-4933433,buckleys@totalhealth.ie
Rathfarnham,Greene C,"Haven Pharmacy Greenes, 36 Main St, Dublin 14",01-4905256,01-4905405,greenes@ipumail.ie
Rathfarnham,Hilton K,"Hiltons Pharmacy, 11 Main St, Dublin 14",01-4055654,01-4055912,
Rathfarnham,Lloyds Pharmacy,"Lloyds Pharmacy, Nutgrove S/c",01-4942353,01-4946524,
Rathfarnham,Shannon C,"Shannon’s Pharmacy, rosemount, Marian Rd",01-4943673,01-4943673,criofan@shannonspharmacy.net
Rathfarnham,Stack A,"Marley Park Pharmacy, Unit 3 Grange Retail Centre, Grange Rd, Dublin 16",01-4936146,01-4936146,
Rathgar,Lloyds Pharmacy,"Lloyds Pharmacy, 8 Terenure Rd E, Rathgar, Dublin 6",01-4905306,01-4905306,
Rathgar,O’Connell M,"Rathgar Pharmacy, 5-7 Terenure Road East, Rathgar, Dublin 6",01-4970046,01-4970049,
Rathmines,Allcare Group,"Bourkes Allcare Pharmacy, 220 Rathmines Rd Lr, Rathmines, Dublin 6",01-4971650,01-4971564,bourkes@allcarepharmacy.ie
Rathmines,Boots retail Ireland,"Boots, 302 Rathmines Rd Lr",01-4969700,01-4969559,
Rathmines,Byrne C,"Life Pharmacy, Unit 18 Swan S/c",01-4972039,01-4972288,chris.byrne@ireland.com
Rathmines,Lloyds Pharmacy,"Lloyds Pharmacy, 282 Lr Rathmines Rd",01-4970750,01-4970750,
Rathmines,Ryan G,"Rathmines Pharmacy, 114 Rathmines Rd Lr",01-4979999,01-4970157,info@rathminespharmacy.ie
Rathmines,Sweeney P,"Roche’s Chemists, 165 Upper Rathmines Rd",01-4972693,01-4972406,rchem@iol.ie
Rialto,Cassidy C,"Haven Pharmacy Cassidys, 449 S/c, Rialto, Dublin 8",01-4532403,01-4532403,clodacassidy@hotmail.com
Rialto,O’Dowd P,"Walsh’s Pharmacy, 491 South Circular Rd",01-4533739,01-4533739,walshspharmacy@eircom.net
Rindsend,Lucey P,"Shelbourne Pharmacy, Irishtown Rd, Ringsend, Dublin 4",01-6684481,01-6684481,shelbournepharmacy@gmail.com
Ringsend,Murphy N,"Lloyds Pharmacy, Unit 2 The Bottleworks, Fitzwilliam St",01-6600166,01-6600168,ringsend@lloydspharmacy.ie
Ringsend,Pagni B,"Bradleys Pharmacy, 6 Thorncastle St",01-6684618,01-6684304,ringsendpharmacist@bradleys.ie
Sandyford,Farmer L,"Haven Pharmacy Beacon, 34 The Mall, Beacon Court, Sandyford, Dublin 18",01-2930155,01-2930156,beaconpharm@eircom.net
Sandyford,Hayes S,"Mulveys Pharmacy, Sandyford Village",01-2946717,01-2946717,seanushayes1@gmail.com
Sandyford,Littleton S,"Your Local Pharmacy, Unit 6 C Beacon South Quarter, Sandyford Industrial Estate",01-2063388,01-2063388,
Sandyford,McCabe R,"McCabes Pharmacy, 2 Sandyford Hall S/c, Kilgobbin Rd",01-2956368,01-2956368,sandyford@mccabespharmacy.com
Sandyford,McKenna T,"Balally Pharmacy, 9 Balally S/c, Dublin 16",01-2954084,01-2958287,tom@balallypharmacy.ie
Sandyford,O’Connell M,"Blackglen Pharmacy, Unit 1, Blackglen Village Centre, Simonsridge",01-2921751,01-2921436,blackglenpharmacy@yahoo.com
Sandymount,Johnson P,"McAuliffe’s Pharmacy, 93 Sandymount Rd, Dublin 4",01-6684121,01-6683011,
Sandymount,Murphy G,"Sandymount Pharmacy, 1a Sandymount Gr",01-2837188,01-2837188,
Sandymount,Shanahan D,"O’Connors Pharmacy, 6 Bath Av",01-6684730,01-6684730,deloresshanahan@eircom.net
Santry,Boots Retail Ireland,"Boots, Unit 95b Omni PK S/c, Dublin 9",01-8163215,01-8163217,matthew.lynch@boots.com
Santry ,Breen J,"Magners Pharmacy, Old Swiss Cottage Bldg",01-8623988,01-8623989,magnersantry@gmail.com
Santry,Lloyds Pharmacy,"Lloyds Pharmacy, Omni Park S/c",01-8429857,01-8429777,
Santry,McKay A,"McKays Pharmacy, 33 Shanard Rd",01-8423310,01-8423310,info@shanardpharmacy.com
Santry,O’Sullivan P,"Life Pharmacy, 241 Swords Rd",01-8427784,01-8427466,osullivanspharmacy@gmail.com
Santry,Petit De Mange G,"ODC Chemists, Lorcan Av",01-8421026,01-8421026,
Shankhill,Keshwara H,"Shankhill Pharmacy, Violet House, Main St, Dublin 18",01-2823263,01-2824721,shankhillpharmacy@gmail.com
Skerries,Stack A,"Windmill Pharmacy, Tennis Court Lane, Skerries",01-8492519,01-8492504,ade@soshealthcare.ie
Smithfield,McSlorey R,"Market Pharmacy Smithfield, Unit 8B Thundercut Alley, Smithfield, Dublin 7",01-8747097,01-8747097,marketpharmacysmithfield@gmail.com
South Circular Rd,Kilgallen J,"Leonards Corner Pharmacy, 106 South Circular Rd, Dublin 8",01-4534282,01-4532183,
South Circular Rd,Vyas C,"South Circular Pharmacy, 80 South Circular Rd",01-4537069,01-4537546,
South Great Georges St,Galligan C,"Medipharm, 16 South Great Georges St, Dublin 2",01-6719765,01-6452012,
Stepaside,Ghosn S,"Belarmine Pharmacy, Unit 22 Belarmine Plaza, Belarmine, Stepaside, Dublin 18",01-2950819,01-2950820,belarminepharmacy@yahoo.com
Stepaside,Mulvey F,"Mulveys Pharmacy, Stepaside Village",01-2069061,01-2069061,
Stephen St Lr,Hyland D,"Burkes Pharmacy, 36a Stephen St Lr, Dublin 2",01-6771966,01-6771966,hylanddj@eircom.net
Stephens Green,Boots Retail Ireland,"Boots, St Stephens Green S/c, Dublin 2",01-4784368,01-4751862,aine.murphy@boots.co.uk
Stoneybatter,Dillon J,"Janet Dillon Pharmacy, Unit 2 Norseman Court, Stoneybatter, Dublin 7",01-6794362,01-6794672,janetdillon@eircom.net
Stoneybatter,Lloyds Pharmacy,"Lloyds Pharmacy, 37 Stoneybatter",01-6792086,01-6707774,
Summerhill,Allen Gough M,"Allens Pharmacy, 10 Summerhill Parade, Dublin 1",01-8555249,,allenspharmacyltd@gmail.com
Sundrive Rd,Good A,"Shopping Centre Pharmacy, U13 Supervalu S/c, Sundrive Rd, Dublin 6W",01-4929731,01-4921740,a.good@hotmail.com
Sundrive Rd,Jordan D,"Jordans Pharmacy, 43 Sundrive Rd, Kimmage, Dublin 12",01-4920130,01-4920135,david@jordanspharmacy.ie
Sutton,McCartan B,"McCartans Pharmacy, 3 Bayside S/c, Sutton, Dublin 13",01-8393939,01-8325670,bayside@mccartans.ie
Sutton,McCartan B,"McCartans Pharmacy, 11 Howth Rd, Unit 1 Superquinn S/c, Sutton Cross, Dublin 13",01-8322240,01-8393941,sutton@mccartans.ie
Talbot St,McSweeney Group,"Clearys Pharmacy, Irish Life Mall, Talbot St, Dublin 1",01-8786935,01-8786942,
Talbot St,Mulgrew P,"Pharmacy O’Regan, 36a Talbot St, Dublin 1",01-8555396,01-8555396,talbotstreet@pharmacyoregan.ie
Talbot St,Murray L,"Liam Murray Chemist, 20/21 Talbot St, Dublin 1",01-8554216,01-8555880,
Tallaght,Best R,"Kingswood Pharmacy, Kingswood S/c, Tallaght, Dublin 24",01-4623278,01-4623278,robertmbest@hotmail.com
Tallaght,Boots retail Ireland,"Boots, Level 2 Unit 245, The Square",01-4598377,01-4598563,a.farry@boots.com
Tallaght,Boots Retail Ireland,"Boots, Unit 319, The Square",01-4622155,01-4598566,alan.mitchel@boots.com
Tallaght,Cadden F,"Brookfield Pharmacy, Unit 3 Sundale S/c, Fortunestown Way",01-4628318,01-4628318,
Tallaght,Cadden F,"Killinarden Pharmacy, 4 Killinarden S/c",01-4511544,01-4544544,
Tallaght,Ellis M,"Mark Ellis Pharmacy, Unit 9 Springfield S/c, Alderwood",01-4940818,01-4940818,
Tallaght,Health Express Pharmacies,"Health Express Pharmacy, Units 120-121, The Square S/c",01-4597236,01-4597238,
Tallaght,Health Express Pharmacies,"Health Express Pharmacy, Unit 6 Ailesbury S/c",01-4610278,01-4610278,
Tallaght,Hickey P,"Hickeys Pharmacy, Fortunes Lane S/c",01-4514144,01-4514144,tallaght@hickeyspharmacies.ie
Tallaght,Hickey P,"Hickeys Pharmacy, 254 The Square",01-4597444,01-4147993,thesquare@hickeyspharmacies.ie
Tallaght,Joyce P,"New Bawn Pharmacy, Unit 5St Dominics S/c",01-4512344,01-4610623,
Tallaght,Lloyds Pharmacy,"Lloyds Pharmacy, Main Street",01-4140878,01-4140880,
Tallaght,Lloyds Pharmacy,"Lloyds Pharmacy, 4 Aylesbury S/c",01-4521594,01-4596030,
Tallaght,McDermott D,"D Moran Pharmacy (Firhouse Ltd), Firhouse S/c",01-4516747,01-4517978,moranspharmacyfirhouse@eircom.net
Tallaght,Mulgrew P,"Pharmacy O’Regan, Old Bawn S/c",01-4524312,01-4524109,tallaght@pharmacyoregan.ie
Tallaght,O’Hagan O,"Glenview Pharmacy, 192 Glenview Pk",01-4511465,01-4511465,
Tallaght,O’Hagan O,"Meaghers Pharmacy, Unit 5, Castletymon S C",01-4523562,01-4523562,
Tallaght ,O’Shea B,"ODC Chemists, Kilnamanagh S C",01-4516155,01-4516155,
Tallaght,Whelan P,"Rossfield Pharmacy, Unit 2/3 Brookfield Enterprise Cent",01-4511453,01-4511454,rossfieldpharmacy@gmail.com
Temple Bar,Maguire K,"Temple Bar Pharmacy, 21 Essex St E, Temple Bar, Dublin 2",01-6709751,01-6709751,templebarpharmacy@eircom.net
Templeogue,Barry J,"Barrys Careplus Pharmacy, 6 Cypress Pk, Templeogue, Dublin 6W",01-4925245,01-4920046,pharmacy@dna.ie
Templeogue,O’Sullivan D,"Maxwell’s Pharmacy, Orwell S C",01-4505879,01-4600310,maxwellspharmacy@gmail.com
Templeogue,Shannon C,"Shannon’s Pharmacy, Templeogue Village",01-4907515,01-4907515,fionnualaf@eircom.net
Terenure,Horan A,"Fortfield Pharmacy, 48 Fortfield Pk, Terenure, Dublin 6",01-4900789,01-4900789,
Terenure,Lavelle G,"Greenlea Pharmacy, 116 Greenlea Rd",01-4909273,01-4909216,greenleapharmacy@eircom.net
Terenure,O’Connell M,"Terenure Life Pharmacy, 86 Terenure Road E, Dublin 6",01-4906340,01-4906340,terenurepharmacy@eircom.net
Terenure,Pagni B,"Bradleys Pharmacy, 2 Fortfield Rd, Kimmage Cross Roads",01-4908098,01-4908139,kcr@bradleyspharmacy.ie
Terenure Rd Nth,Hickey P,"Hickeys Pharmacy, 85 Terenure Rd N, Dublin 6",01-4907179,01-4920301,terenure@hickeyspharmacies.ie
Thomas St,Carragher A,"Reillys Pharmacy, Unit 2 Bertram Ct, Cornmarket, Thomas St, Dublin 8",01-4548198,01-4548198,info@pharmacy.ie
Tyrellstown,Hickey P,"Hickeys Pharmacy, Unit 2 Tyrellstown T C, Dublin 15",01-8856590,01-8770096,tyrrelstown@hickeyspharmacies.ie
U C D,Phelan E,"Procare Pharmacy, Students Centre, University College, Dublin 4",01-7163144,01-2607855,
Walkinstown,Dempsey C,"Greenhills Pharmacy, 133 St Peters Rd, Walkinstown, Dublin 12",01-4560039,01-4560039,
Walkinstown,Johnson P,"Johnson Pharmacy, Superquinn S C",01-4505864,01-4604210,patrickmjohnson7@eircom.net
Walkinstown,Lonergan S,"Lonergans Pharmacy, 3 Harty Ave",01-5574949,01-5574830,
Walkinstown,McHugh P,"St Patricks Pharmacy, St Patricks Rd, Greenhills",01-4606024,01-4606024,
Walkinstown,McLaughlin D,"Haven Pharmacy McLaughlins, 153 Drimnagh Rd",01-4557354,01-4099033,mclaughlins.walkinstown@havenpharmacy.ie
Walkinstown,O’Sullivan D,"Declan O’Sullivan, Ballymount Rd, Walkinstown Cross",01-4501494,,declan.osullivan@swahb.ie
Westland Row,Rafter C,"Trinity Pharmacy, 40 Westland Row, Dublin 2",01-6110883,01-6110884,
Wexford St,Wexford St Pharmacy,"Wexford St Pharmacy, 6 Wexford St, Dublin 2",01-4750105,01-4785176,
Whitehall,C&D Medical Hall Ltd,"Conways Pharmacy, 95 Swords Rd, Whitehall, Dublin 9",01-8375379,01-5312290,conwayspharmacy@canddmedicalgroup.com
Whitehall,Dunne A,"Adrian Dunne Pharmacy, 394 Collins Ave",01-8378143,01-8844785,whitehall@dunnepharmacies.ie
Whitehall,Malone E,"Lalor’s Pharmacy, 69 Collins Av West",01-8316943,01-8319889,
Whitehall Rd W,Allcare Group,"Perrystown Allcare Pharmacy, 182 Whitehall Rd W, Perrystown, Dublin 12",01-4506486,01-4506486,perrystown@allcarepharmacy.ie
Windy Arbour,Austin M,"Hunters Pharmacy, 5 Olivermount Tce, Windy Arbour, Dundrum, Dublin 14",01-2697764,01-2830291,hunterspharmacy@eircom.net
