Ashbourne,Boots Retail Ireland,"Boots, Unit 2B Ashbourne T C",01-8352972,01-8352983,luka.glogoski@boots.com
Ashbourne,Conway R,"Conways Pharmacy, Ashbourne",01-8350125,01-8350133,conwayspharmacy@gmail.com
Ashbourne,Dunne A,"Adrian Dunne pharmacy, Unit 11 Tesco S/c",01-8010336,01-8010335,ashbourne@dunnepharmacies.ie
Ashbourne,Nolan S ,"Nolans Pharmacy, 2a Ashbourne TC",01-8351086,01-8351086,stephen1967@eircom.net
Ashbourne,O’Donnell B,"O’Donnells Pharmacy, Unit 4 Garden City S/c",01-8353967,01-8353967,barrymodonnell@hotmail.com
Athboy,Martin C,"Martins Pharmacy, Main St",046-948762,,martinspharmacyathboy@gmail.com
Athboy,Staunton P,"Life Pharmacy Stauntons Athboy, Main St",046-9432380,046-9430096,padraic.staunton@gmail.com
Ballivor,Farrell J,"Farrells Pharmacy, Main St",046-9567940,046-9567940,
Bettystown,Burke C,"Burkes Pharmacy, the Anchorage, Eatham Rd",041-9887645,041-9887999,
Clonee,Colgan E,"Clonee Pharmacy, Main St",01-8253019,01-8015693,colganeoin@eircom.net
Drumconrath,McGoey J,"Donal McGoey Pharmacy, Main St.",041-6854799,041-6854792,
Dunleek,Maher K ,"Haven Pharmacy Dunleek, % Main St.",041-9823326,041-9880685,tom@dunleekpharmacy.com
Dunleek,McNally D,"McNallys Pharmacy 365, Unit 10 Main St. Lower",041-9814846,041-9814847,
Dunboyne,Littleton S,"Your Local Pharmacy, 2 The Green, Maw St.",01-8015412,01-8015485,
Dunboyne,McElroy S,"McElroys Pharmacy, Main St.",01-8255381,01-8251095,mcelroyspharmacy@hotmail.com
Dunshaughlin,Conaty D,"Tooles pharmacy Ltd, Main St.",01-8257440,01-8250227,toolespharmacy@eircom.net
Dunshaughlin,Kavanagh P,"Haven Pharmacy Kavanagh’s, Unit 4&5 Dunshaughlin S/c",01-8259801,01-8258473,kavpharm1@eircom.net
Enfield,Keane J,"Keane’s Careplus  Pharmacy, Unit 1 Enfield Court, Johnstown Rd",046-9542677,046-9542677,
Enfield ,Martin C,"Walkers Pharmacy, enfield",046-9541026,046-9541940,conormartin@eircom.net
Enfield,Martin C,"Martins Pharmacy, Johnstownbridge",046-9549869,046-9549869,jtb@gmail.com
Kells,Gormley D,"Gormleys Pharmacy Kells S/c, Circular Rd",046-9240950,046-9240950,
Kells,Headfort Medical Hall,"Headfort Medical Hall, church St.",046-9240714,046-9241942,headfortmedicalhall@yahoo.ie
Kells,Mcnally D,"Mcnallys Pharmacy 365, Main St., Carlanstown",046-9246078,046-9246079,info@mcnallyspharmacy365.ie
Kells,Sokay N,"Lynchs totalhealth Pharmacy, Farrell St.",046-9240515,046-9240515,lynchs@totalhealth.ie
Kells,Sokay J,"Kenlis totalhealth Pharmacy, cannon St.",046-9247944,046-9247944,kenlis@totalhealth.ie
Laytown,Stack A,"Stack’s Pharmacy, Laytown",041-9827163,041-9828183,
Longwood,Farrell J,"Farrells Pharmacy, the Health Centre, Longwood",046-9560864,046-9560864,
Navan,Boots Retail Ireland,"Boots, The North Mall, Navan S/c",046-9059801,046-9059795,"eimearni-sheachnasaigh@boots.com
"
Navan,Clarke C,"Christines Pharmacy, 33 Brews hill",046-9063265,046-9063212,"christine.clarke33@yahoo.com
"
Navan ,Hickey P,"Hickeys Pharmacy, Unit 15 Navan S/c",046-9071520,046-9071545,navansc@hickeyspharmacies.ie
Navan,Hickey P,"Hickeys pharmacy, 7 atergate St.",046-9021126,046-9027216,watergate@hickeyspharmacies.ie
Navan ,Hickey P,"Hickeys Pharmacy, Unit 6 johnstown S/c, Johnstown",046-9091177,046-9020000,johnstown@hickeyspharmacies.ie
Navan,Hickey P,"Hickeys pharmacy, Unit 1 Navan Medical Centre, Abbey Rd",046-9093374,046-9075387,navanmc@hickeyspharmacies.ie
Navan,Nolan C,"Haven Pharmacy Nolans, Navab S/c",046-9028924,,nolanphar@eircom.net
Navan,Nolan C,"Haven PharmacyNolans, convent Rd, athlumney",046-9028926,046-9028951,conventroad@nolanspharmacy.ie
Navan ,O’Connor G,"O’Connors Pharmacy, 6 Blackcastle S/c",046-9076774,046-9076774,
Navan,O’Driscoll E,"O’Driscolls Pharmacy, 3 Beechmount S/c",046-9075466,046-9075468,
Navan ,Staunton J,"Stauntons Pharmacy, Church Hill",046-9071777,046-9072962,belpharm@iol.ie
Navan,Staunton J,"Stauntons Pharmacy, Unit 1, Johnstown Village",046-9091111,046-9091112,
Nobber,Skoronski V,"Nobber pharmacy, Main St",046-9052910,,vernons@eircom.net
Oldcastle,Lynch P,"Lynch’s Pharmacy, Oliver Plunkett St.",049-8541138,049-8541138,donnamcquaid@eircom.net
Oldcastle,McQuaid D,"Mcquaids pharmacy, Cogan st.",049-8541138,049-8541138,donnamcquaid@eircom.net
Ratoath,El-Garawany O,"Lilly’s Pharmacy, Unit 5 Corballis S/c",01-6896819,,lillyspharmacy@gmail.com
Ratoath,Kavanagh P,"Kavanagh Pharmacy, Unit 2 Old Post Office, Main St.",01-6896300,01-6896303,kavpharm2@eircom.net
Ratoath,Ratoath Pharmacy,"Ratoath Pharmacy, Main St.",01-8257440,01-8257442,ratoath.pharmacy@live.ie
Ratoath,Stack A,"Stack’s Pharmacy, Unit 2/3 Supervalu S/c",01-8254111,01-8254112,ratoath@stckspharmacy.ie
Slane,Allcare group,"Breens Allcare Pharmacy, Main St.",041-9824222,041-9824222,breens@allcarepharmacy.ie
Slane,Smyth S,"Slane Pharmacy, Unit 4 Smyths Service station, Collon Rd",041-9884925,041-9884934,slanepharmacy@gmail.com
Summerhill,Shanahan D,"Summerhill Pharmacy, Main St.",046-9557052,046-9557052,summerhillpharmacy@eircom.net
Trim,Dunne A,"Adrian Dunne pharmacy, Market St.",046-9436600,046-9437422,trim@dunnepharmacies.ie
Trim,Farrell J,"Farrells pharmacy trim, Finnegans Way",046-9484285,,info@farrellspharmacy.com
Trim,Flattery A,"Trim Pharmacy Ltd, Market St.",046-9431279,046-9431279,
Trim,McGrane O,"McGranes Pharmacy, Patrick St.",046-9483756,046-9483755,orlamcgrane@hotmail.com
Trim,O’Shaughnessy M,"O’Shaughnessys Pharmacy, Haggard St.",046-9431928,046-9438038,
Trim,Paigni B,"Bradleys pharmacy, Knightsbridge Nursing Home, Longwood Rd",046-9436585,,
